Id_Interview,Thème,Interview,Text-translated
1,Relations de voisinage et de vie de quartier,"ne veut pas quil y ait de guerre, aimerait que certaines tensions sapaisent. Note une différence, une dégradation entre les relations de voisinage et avant (sûrement des conflits mais pas vraiment explicité durant latelier) mais ça y est encore tout de même. Cela fait partie de la diversité de la communauté, où tout le monde doit faire des efforts pour une bonne entente. Avoir une bonne entente est essentiel.","does not want there to be war, would like certain tensions to ease. Note a difference, a deterioration between neighborhood relations and before (probably conflicts but not really explained during the workshop) but it is still there all the same. This is part of the diversity of the community, where everyone must make an effort to get along well. Having a good understanding is essential."
2,Conditions de mobilité et mobilité douce?,"évoque lentraide vis-à-vis des déplacements qui peuvent être fait, ex?: aller chercher des médicaments à la pharmacie pour les personnes plus âgées, pour les emmener à la poste, ils sont souvent sollicités. Il y a un problème de mobilité, notamment pour les personnes âgées qui pour certaines ne peuvent pas prendre la voiture => aimeraient que se développe un réseau de transport en commun ou de navettes pour faciliter le déplacement de la population. Mais dun côté voit ça aussi comme un service rendu, ce nest pas vraiment une contrainte pour les plus jeunes. Existe un service de navette mais qui ne fonctionne pas car mal organisé et pas récurrent (pas de jours attitrés, il faut appeler etc.). Est évoqué aussi le fait que les habitants ne sont pas forcément habitués à prendre les transports et donc participe au fait que le service ne se développe pas. Idée de faire ce service de mobilité à léchelle intercommunales entre les principaux villages","evokes mutual assistance with the trips that can be made, e.g.: picking up medicines at the pharmacy for older people, to take them to the post office, they are often requested. There is a mobility problem, particularly for the elderly, some of whom cannot take the car => would like to see the development of a public transport or shuttle network to facilitate the movement of the population. But on the one hand, we also see it as a service provided, it is not really a constraint for the youngest. There is a shuttle service but it does not work because it is poorly organized and not recurring (no designated days, you have to call etc.). Also mentioned is the fact that residents are not necessarily used to taking transport and therefore contributes to the fact that the service is not developing. Idea of ​​providing this mobility service on an intercommunal scale between the main villages"
3,Recyclage,"nest pas bien en place sur la commune car apparemment pas assez de débit donc pas de bornes de recyclage disponible ce que regrettent lensemble des participants. Sil y avait plus de poubelles de tri, ils le feraient bien plus. Evoquent les sacs de tris mais cela ne sest jamais fait. La population est de plus en plus sensible mais le service ne suit pas. Mais quand même des efforts sont faits. Les participants sont très sensibles à lenvironnement et à la protection de la nature car cela fait partie de la qualité de vie. ","is not well established in the town because apparently not enough flow and therefore no recycling terminals available, which all participants regret. If there were more sorting bins, they would do it a lot more. Mention sorting bags but this has never been done. The population is increasingly sensitive but the service is not keeping up. But still, efforts are being made. The participants are very sensitive to the environment and the protection of nature because it is part of the quality of life."
4,Qualité et situation géographique du logement,"ils sont dans un village, ils considèrent quil faut être bien installés et avec des logements confortables. En termes de situation géographique, ils se considèrent à la fois comme loin et près de tout. Déjà ce sentiment déloignement varie selon lâge et la facilité de mobilité dont on dispose. Être dans un petit village induit limportance davoir des bonnes relations entre habitants et de sentraider. Des bonnes relations de voisinage pallient dune certaine façon le manque de services et de commodités de proximité. Ils sappuient beaucoup dessus car «?si y a pas de relation on a rien. On peut avoir des navettes, des tout ce quon veut, sil y a pas de relations sociales on fait rien?». Evoque le Covid et la baisse du côté social, ça a fortement pénalisé la vie du village, importance de se réunir, de discuter.  ","they are in a village, they consider that they must be well settled and with comfortable accommodation. In terms of location, they consider themselves both far away and close to everything. Already this feeling of distance varies according to age and the ease of mobility available. Being in a small village means the importance of having good relationships between residents and helping each other. Good neighborhood relations in some way compensate for the lack of local services and amenities. They rely on it a lot because “if there is no relationship we have nothing. We can have shuttles, whatever we want, if there are no social relations, we do nothing? Mentions the Covid and the decline in the social side, this has seriously penalized village life, importance of getting together, of discussing."
5,Internet,"très important car sont loin donc important notamment à cause de la dématérialisation de beaucoup de services mais aussi de laccès au divertissement. Actuellement la qualité de linternet est assez mauvaise et cest évoqué par plusieurs participants comme problématique et certains ont déjà entendu par dautres personnes que si le débit était mieux ils viendraient sinstaller au village. Il y a aussi une participante qui évoque le fait quen cas de coupure de la ligne fixe ou dinternet cela peut être un problème si jamais il y a un problème pour prévenir quelquun et que ça linquiète, ce à quoi plusieurs participants sont daccord. ","very important because they are far away and therefore important in particular because of the dematerialization of many services but also access to entertainment. Currently the quality of the internet is quite poor and this was mentioned by several participants as a problem and some have already heard from other people that if the speed was better they would come and settle in the village. There is also a participant who mentions the fact that in the event of a landline or internet outage this could be a problem if there is ever a problem in notifying someone and it worries her, which several participants agree."
6,Diversité et proximité des services,"est important. Vu la localisation il y a une obligation de se déplacer même si certains services sont présents notamment de façon ambulante. La nécessité de la proximité de certains services dépend aussi beaucoup de lâge?: «?pour linstant ça me dérange pas, mais on verra dans quelques années?». Cependant ce nest pas le critère qui est le plus revenu.  ","is important. Given the location there is an obligation to travel even if certain services are present, particularly on an itinerant basis. The need for proximity to certain services also depends a lot on age: ""for the moment it doesn't bother me, but we'll see in a few years."" However, this is not the criterion that is most frequently used."
7,Vie sociale,"Dans la mixité il y a aussi la mixité entre les personnes corses et qui ne le sont pas. Il faut être très accueillant avec les gens qui sont pas corses. «?Celui qui habite en Corse, jestime quil est Corse, pas de différence?». Il y a aussi un plaisir de transmettre aux nouveaux arrivants et aux enfants la culture Corse ainsi que les histoires familiales, le patrimoine historique. Transmission également des jeunes vers les anciens de la modernité. Attention, cependant les nouveaux arrivants (quils soient corses ou non) doivent cependant sintégrer à la vie de village, soit actif dans lanimation du village et ne pas rester à lécart. Par exemple contre les lotissements car ça ferme, préfèrerait rouvrir des maisons au village?: «?ce nest pas de lattractivité pour être de lattractivité. Cest de lattractivité modérée?». Une des participantes qui est justement arrivée au village en nétant pas dorigine explique y avoir été très bien accueillie.  ","In diversity there is also diversity between Corsican people and those who are not. You have to be very welcoming to people who are not Corsican. “Anyone who lives in Corsica, I believe that he is Corsican, no difference?” There is also a pleasure in transmitting Corsican culture to newcomers and children as well as family stories and historical heritage. Transmission also from the young to the elders of modernity. Be careful, however, new arrivals (whether they are Corsican or not) must integrate into village life, be active in village life and not stay on the sidelines. For example against housing estates because they are closing, would prefer to reopen houses in the village: “it is not attractiveness for the sake of being attractive. Is this moderate attractiveness?” One of the participants who arrived in the village not being from abroad explains that she was very well received there."
8,?Culture,"a été sélectionnée uniquement dans le groupe dont un des membres était une «?nouvelle arrivante?» et ce choix sest fait principalement vis-à-vis des enfants car beaucoup daller-retour pour leurs activités sportives et de loisirs. Il y a un manque de structures pour les enfants et aussi un peu pour les enfants. Même si la carte na été sélectionné quune fois, au final cest un des sujets qui a été le plus discuté durant léchange autour de la construction des pyramides.","was selected only in the group where one member was a “newcomer” and this choice was made mainly with regard to children because there are many return trips for their sporting and leisure activities. There is a lack of structures for children and also a little for children. Even if the card was only selected once, in the end it was one of the subjects that was most discussed during the exchange around the construction of the pyramids."
9,Proximité espace verts,"Un couple de retraités qui a habité pendant longtemps sur la région parisienne a choisi de revenir à Guargualé (dont le mari est originaire) notamment pour le cadre de vie?: «?Ajaccio cétait rédhibitoire?: le bruit, le monde, la voiture, la chèreté de la vie?». Ce qui a fait la différence cest aussi la possibilité davoir des relations sociales.  ","A retired couple who lived for a long time in the Paris region chose to return to Guargualé (where the husband is from) particularly for the living environment: “Ajaccio was crippling: the noise, the people, the car, the cost of living? What made the difference was also the possibility of having social relationships."
10,Situation géographique,"Lensemble des participants a classé très positivement la commune sur ce critère. Il y a cette question de centralité de localisation de la commune qui est évoqué, avec le fait quils soient à la fois loin et proches dAjaccio et des autres villes environnantes. Cependant la plupart retiennent plutôt léloignement comme quelque chose de positif car ils nont pas tous les inconvénients liés à la ville comme la pollution, le bruit. Et au contraire, ils sont à une demi-heure de tout. Le coût financier des déplacements est évoqué comme une raison par plusieurs participants pour ne pas mettre une note maximum mais cela ninfluence que très peu en généralité. La tranquillité, le lien social, le fait de pouvoir se déplacer à pied est bien plus important. Ils se sentent vraiment au bien au village et cest ce qui compte le plus. En termes de qualité cest parfait mais des petits points négatifs quant à la localisation. Cela demande une organisation mais la notion de sentiment de «?repos?» au village est évoquée plusieurs fois?: «?en fait je me sentais mieux, même si jétais fatiguée en faisant le vas et viens, en arrivant chez moi quà Ajaccio?».  ","All participants ranked the municipality very positively on this criterion. There is this question of centrality of location of the commune which is raised, with the fact that they are both far and close to Ajaccio and other surrounding towns. However, most see the distance as something positive because they do not have all the disadvantages associated with the city such as pollution and noise. And on the contrary, they are half an hour from everything. The financial cost of travel was mentioned as a reason by several participants for not giving a maximum score but this has very little influence in general. Tranquility, social connections, being able to get around on foot are much more important. They really feel good in the village and that is what matters most. In terms of quality it is perfect but there are small negative points regarding the location. This requires organization but the notion of a feeling of “rest?” in the village is mentioned several times: “in fact I felt better, even if I was tired walking back and forth, arriving home than in Ajaccio”."
11,Critère sociale culturelle,"Le classement est quasiment unanime sur ce critère, où la commune est positionné toujours dans le positif mais quand même moins que le premier. Cela peut paraître un peu étonnant aux premiers abords car cest un critère qui est systématiquement revenu dans les pyramides. Lavis est plutôt mitigé selon les participants, avec certains qui trouvent que cest bien et qui sentendent avec tout le monde mais dautres évoquent le manque de jeunes entre 15 et 25 ans, avec un grand écart générationnel. Une participante évoque le fait que dans certaines familles qui vivent au village il y a des membres qui ont 25 ans mais qui eux ne vivent pas au village et elle exprime le souhait que ces jeunes-là reviennent plus souvent au village, sinvestissent plus dans la communauté mais peut comprendre quAjaccio est plus dynamique et correspond plus à ce quils attendent. Une autre participante est assez critique quant au lien intergénérationnel?: pour elle il ny a pas assez de mélange entre les jeunes et les plus anciens, les gens se fréquentent beaucoup par tranches dâge, ce qui nétait pas forcément le cas il y a des années en arrière. Elle regrette ce manque déchange qui était beaucoup plus présent dans sa jeunesse, où cétait laffinité qui comptait plus que lâge. Pour elle, léchange entre les générations permet une transmission des savoirs et regrette que cela ne soit plus autant le cas.  Au contraire, une autre participante (plus jeune) répond à cette remarque en précisant quelle a plus de facilité à se confier sur certains sujets et problématiques à des gens de son âge et quelle ne ressent pas autant le manque de liens intergénérationnels. Il y a vraiment une différence de ressenti selon lâge des participants. Il y a un constat dun changement de générations où la perception des liens nest pas le même?: «?la jeunesse de maintenant pense pas la même chose que nous quand on était jeune au même âge?». Le sentiment dentre-aide et de partage est moins présent selon certains participants plus âgés tandis quil ne lest presque pas par les plus jeunes.","The ranking is almost unanimous on this criterion, where the municipality is still positioned in the positive but still less than the first. This may seem a little surprising at first because it is a criterion that is systematically used in the pyramids. The opinion is rather mixed according to the participants, with some who think it is good and who get along with everyone but others mention the lack of young people between 15 and 25 years old, with a large generation gap. A participant mentions the fact that in certain families who live in the village there are members who are 25 years old but who do not live in the village and she expresses the wish that these young people come back to the village more often, get more involved. in the community but can understand that Ajaccio is more dynamic and corresponds more to what they expect. Another participant is quite critical of the intergenerational link: for her there is not enough mixing between young people and older people, people hang out a lot by age groups, which was not necessarily the case years ago. She regrets this lack of exchange which was much more present in her youth, where it was affinity that mattered more than age. For her, the exchange between generations allows for the transmission of knowledge and regrets that this is no longer the case.  On the contrary, another participant (younger) responds to this remark by specifying that she finds it easier to confide on certain subjects and issues to people of her age and that she does not feel as much the lack of intergenerational links. . There is really a difference in feeling depending on the age of the participants. There is an observation of a change of generations where the perception of links is not the same: “the youth of now do not think the same thing as us when we were young at the same age”. The feeling of mutual help and sharing is less present according to some older participants while it is almost none for the younger ones."
12,Proximité commerce,"Critère où le classement est le plus mitigé, même si en majorité assez positif, malgré peu de services présents de façon permanente.  Un participant qui a beaucoup voyagé et a habité sur le continent est «?réaliste?» quant au manque de commerces et de services car il a conscience quil en manque un certain nombre au village, cependant cest le propre dun village et donc ça fait quil ne le classe pas très négativement vis-à-vis de ça. Ça serait à développer mais a conscience que ce nest pas évident, il évoque précisément les magasins de bricolage et doutillage, ainsi que laccès à des restaurants proposant des cuisines différentes. La possibilité de commander et de se faire livrer est évoquée par plusieurs participants. ","Criterion where the ranking is the most mixed, even if the majority is quite positive, despite few services present on a permanent basis.  A participant who has traveled extensively and lived on the continent is “realistic.” as for the lack of shops and services because he is aware that the village is lacking a certain number, however this is the specificity of a village and therefore that means that he does not classify it very negatively in relation to live from that. This would need to be developed but is aware that it is not easy, he specifically mentions DIY and tool stores, as well as access to restaurants offering different cuisines. The possibility of ordering and having it delivered was mentioned by several participants."
13,attractivité,Le prix de limmobilier bien plus avantageux que sur Ajaccio (par une participante qui est arrivée il y a cinq ans et qui travaille sur Ajaccio) ,The price of real estate much more advantageous than in Ajaccio (by a participant who arrived five years ago and who works in Ajaccio)
14,attractivité,"Un couple de participants sont revenus au village pour la retraite. Cependant, la question des racines et de lidentité est très minoritaire, le mari explique quil voit plus ses racines comme un facteur de connaissance du village «?si javais pas été originaire de Guargualé, jaurais pas connu Guargualé?». Sil était originaire dun village plus isolé, il ne sy serait pas installé. Les critères pour revenir au village se basent plutôt sur la tranquillité, la qualité de vie, et dêtre proche de la mer et des commerces sans avoir les soucis dembouteillages et de stationnement?: «?on avait plus de bien-être au village quen ville?» + le fait davoir un bien immobilier disponible de par lhéritage du mari.","A couple of participants returned to the village for the retreat. However, the question of roots and identity is very much in the minority, the husband explains that he sees his roots more as a factor in knowing the village “if I had not been from Guargualé, I would not have known Guargualé ?». If he had come from a more isolated village, he would not have settled there. The criteria for returning to the village are based more on tranquility, quality of life, and being close to the sea and shops without having to worry about traffic jams and parking: “we had more well-being in the village than in the city? + the fact of having real estate available through the inheritance of the husband."
15,attractivité,"La bonne «?mentalité?» et lanimation du village sont évoqués par lensemble des participants, certains disant même quaux alentours, le village est réputé pour cela. Le village avec une association danimation culturelle organise un certain nombre dactivités et donc fait vivre le village. ","The good ""mentality"" and the animation of the village are mentioned by all the participants, some even saying that in the surrounding area, the village is famous for this. The village with a cultural animation association organizes a certain number of activities and thus brings the village to life."
16,attractivité,"Un jeune participant originaire dAlsace, arrivé depuis deux mois seulement, explique être venu au village la première fois car sa compagne sy est installée, et il est tombé tout de suite sous le charme du village?: « jai passé trois jours ici et jai dit je quitte tout et je viens?». Il sy est senti bien, il évoque lui aussi le sentiment de grande famille, lentraide entre les habitants, cette proximité mais aussi le cadre de vie avec la nature, la mer. Il déclare même le village comme étant le «?paradis?». Les autres participants expliquent quil sest très bien intégré, et évoquent son sourire et sa facilité à sintégrer.  ","A young participant from Alsace, who arrived only two months ago, explains that he came to the village the first time because his partner moved there, and he immediately fell under the charm of the village: “I passed three days here and I said I'm leaving everything and I'm coming? He felt good there, he also evokes the feeling of a big family, the mutual help between the inhabitants, this proximity but also the living environment with nature, the sea. He even declares the village as being the ""? heaven?"". The other participants explain that he has integrated very well, and talk about his smile and his ease of integrating."
17,Communauté,"Une participante explique que trop de monde serait négatif car ce quelle cherche elle cest justement cette petite communauté, et plusieurs participants acquiescent. Cependant, elle complète en disant que la perte dhabitants participe à se sentir moins bien au village, surtout le manque de personne de son âge qui peut rendre plus difficile la vie et la création de liens sociaux. Lensemble des participants sont daccord.","A participant explains that too many people would be negative because what she is looking for is precisely this small community, and several participants agree. However, she completes by saying that the loss of inhabitants contributes to feeling less well in the village, especially the lack of people of one's age which can make life and the creation of social bonds more difficult. All participants agree."
18,Infrastructures,"Une participante évoque elle le fait que dans tous les cas, le village ne dispose pas dinfrastructures permettant laccueil dun trop grand nombre de personnes, quils soient résidents ou touristes.  ","A participant mentions the fact that in all cases, the village does not have the infrastructure to accommodate too many people, whether residents or tourists."
19,Tourisme,"Lété se sont plus les personnes originaires du village qui viennent, il y a peu de touristes contrairement aux villes alentours qui subissent quant à elle un tourisme de masse. Ce tourisme nest pas souhaité dans le village car ils ne se mélangent pas, ils ne viennent que pour dormir?: «?ils ne viennent pas pour connaître les gens?». Dautres participants nuancent ce propos en évoquant un couple de continentaux qui viennent depuis plusieurs années en vacances au village et qui sy est attaché, décidant même de se marier au village lété prochain.  ","In summer, there are more people from the village who come, there are few tourists unlike the surrounding towns which suffer from mass tourism. This tourism is not desired in the village because they do not mix, they only come to sleep: “they do not come to get to know the people”. Other participants qualify this statement by mentioning a continental couple who have been coming to the village on vacation for several years and who have become attached to it, even deciding to get married in the village next summer."
