Id_Interview,Thème,Interview,Text-translated,score-sentiment analysis,theme-predicted,similarity-score
1,Diversité et proximité des commerces ,"il en manque mais on en a beaucoup aussi. Le plus important, la relation avec les gens. Un gros manque?: pharmacie. La plus proche est à 30km?: Sainte Marie. Accessibilité aux personnes à mobilité réduite (personnes âgées, handicaps). le plus important?: épiceries. Le supermarché le plus près = Ajaccio. Santé (médecin, kiné). Pompiers aussi cest important.  ","there is a lack of it but we also have a lot of it. The most important thing, the relationship with people. A big lack?: pharmacy. The closest is 30km away: Sainte Marie. Accessibility for people with reduced mobility (elderly people, disabilities). the most important?: grocery stores. The nearest supermarket = Ajaccio. Health (doctor, physiotherapist). Firefighters are also important.","{'negative': 0.2171775, 'neutral': 0.5686561, 'positive': 0.2141664}",Health,83.60250091552734
2,Conditions météo et catastrophes naturelles ,"de plus en plus, pluie et vent. Impacte sur les appareils (ordinateurs, téléphone), ruptures dans énergie. Sécheresse lété. village?: dépendance / isolement. «?si on a un problème pour réparer, il faut quils montent dAjaccio?». peut-être aussi la galère pour circuler à cause de la neige.","more and more, rain and wind. Impacts on devices (computers, telephone), disruptions in energy. Drought in summer. village?: dependency / isolation. “If we have a problem to repair, they have to come from Ajaccio.” maybe it's also difficult to get around because of the snow.","{'negative': 0.7501484, 'neutral': 0.23019633, 'positive': 0.019655267}",Community,82.71676635742188
3,Environnement,Pas assez de contenères pour faire le tri. Importance de Gaston (employé communal qui nettoie le village). Permet de que le village soit tout le temps propre.  ,Not enough containers to sort. Importance of Gaston (municipal employee who cleans the village). Allows the village to be clean all the time.,"{'negative': 0.10758513, 'neutral': 0.5057305, 'positive': 0.38668436}",Security,81.6319351196289
4,Espace Rencontre,"important den avoir dans le rural. On en a?: centre aéré, médiathèque, musée, crèche, les bars, les supermarchés, le CINTU (espace de loisir et de travail). Vie de village et proximité. «?Le platane, où tout le monde se rencontre?» avec un banc, au centre du village.  ","important to have in rural areas. We have them: leisure center, media library, museum, nursery, bars, supermarkets, CINTU (leisure and work space). Village life and proximity. “The plane tree, where everyone meets?” with a bench, in the center of the village.","{'negative': 0.012259796, 'neutral': 0.46587908, 'positive': 0.52186114}",Cultural resources,83.21940612792969
5,Réseau,"On a la VDSL, cest presque du haut débit. Si on avait la fibre, ce serait mieux. Rien que pour faire nos ateliers, pour faire les papiers, les impôts, pour les prises de rendez-vous pour lécole, les cours en visio, le travail. Faire les courses par internet.","We have VDSL, it’s almost broadband. If we had fiber, it would be better. Just to do our workshops, to do the paperwork, the taxes, to make appointments for school, video lessons, work. Shopping online.","{'negative': 0.27177483, 'neutral': 0.46738383, 'positive': 0.26084137}",Services,81.51470184326172
6,Environnement,"fleuve souvent ocnsidéré comme pollué, parce que stations dépuration ne sont pas aux normes, ne fonctionnent pas. Interdiction à la baignade tous les étés. Propreté des lieux, on aimerait que notre rivière soit propre. + environnement pollué. Tout le monde boit leau du robinet ici. cest important aussi pour la santé. Cozzano?: le réseau deau et le bassin deau a été refait. Leau, tout le monde la boit. + les fontaines. «?il faut que ça reste ça?»","river often considered polluted, because treatment plants are not up to standard and do not work. Swimming is prohibited every summer. Cleanliness of the place, we would like our river to be clean. + polluted environment. Everyone drinks tap water here. it is also important for health. Cozzano?: the water network and the water basin have been redone. Everyone drinks water. + the fountains. “It has to stay that way?”","{'negative': 0.54884696, 'neutral': 0.3757939, 'positive': 0.07535911}",Health,82.27371215820312
7,Environnement,"A Cozzano, on produit plus quon ne consomme. Fierté. Energie renouvelable. On peut être fier de tout ce qui a été fait. «?on sort du lot?». ","In Cozzano, we produce more than we consume. Pride. Renewable energy. We can be proud of everything that has been done. “We stand out from the crowd.”","{'negative': 0.002186978, 'neutral': 0.06764358, 'positive': 0.9301694}",Community,81.9177474975586
8,Relation de voisinage et vie de quartier,on se connait tous. Nécessité de maintenir des bonnes relations.  ,we all know each other. Need to maintain good relationships.,"{'negative': 0.013969959, 'neutral': 0.32834405, 'positive': 0.65768594}",Community,84.24923706054688
9,Proximité commerce,"pas à fond, parce quil en manque. Il pourrait y avoir une maison de retraite, une pharmacie plus y en a, mieux cest. Un car de transport pour aller à Ajaccio. Avant, on avait un car qui descendait jusquà Ajaccio. La personne est décédée, il ny a pas eu de reprise pour le moment. On a des gites. Si y en avait plus, ce serait mieux. Il ny en a pas beaucoup. Dautres spécialistes, une maison de santé, ce serait chouette. Cest prévu. «?Mais qui est le médecin qui va vouloir monter ici???»  ","not thoroughly, because it is lacking. There could be a retirement home, a pharmacy... the more the better. A transport bus to go to Ajaccio. Before, we had a bus that went down to Ajaccio. The person died, there has been no recovery for the moment. We have lodges. If there were more, it would be better. There aren't many. Other specialists, a health center, that would be great. It's planned. “But who is the doctor who will want to come up here???”","{'negative': 0.25699988, 'neutral': 0.47854927, 'positive': 0.26445085}",Health,82.2885513305664
10,Météo,"Plutôt négatif, tout le monde. Mais est-ce quon en souffre?? oui mais quand le réseau part, il part pour 6 mois. Ou bien quand la route est inondée, tu as les pieds trempés. Ou quand il neige, on nest pas tout le temps déneigé. On appelle ça une pelle à main, hein Alex. Une différence selon où on habite. Ils déneigent les secours. Oui mais pour ceux qui veulent aller faire les courses. Après, on na pas de grosses inondations. On a des éboulements. Peut-être des lieux pas sécurisés. ","Pretty negative, everyone. But do we suffer from it? yes but when the network leaves, it leaves for 6 months. Or when the road is flooded, your feet are soaked. Or when it snows, we're not always cleared of snow. We call it a hand shovel, eh Alex. A difference depending on where you live. They are clearing snow for the emergency services. Yes, but for those who want to go shopping. Afterwards, we don't have any big floods. We have landslides. Perhaps unsecured places.","{'negative': 0.5232107, 'neutral': 0.40161732, 'positive': 0.07517201}",Natural resources,80.32353973388672
11,Environnement,On est bon. Manque de suivi dans les mesures / smart village. On la le suivi. Le montre mieux aux gens. Mieux communiquer.  ,We are good. Lack of monitoring in measures / smart village. We have tracking. Show it to people better. Communicate better.,"{'negative': 0.015208891, 'neutral': 0.14308263, 'positive': 0.8417085}",Services,82.50616455078125
12,Réseau,"Des coupures. Mais on na pas à se plaindre. Cest quand même lent, VDSL. A la poste, ça ne marche pas bien. A la médiathèque non plus. Idem SPAR, proxy. Pouvoir regarder des films, Netflix. Tout le monde utilise internet, pour les réseaux sociaux. Il y a des gens qui font du télétravail, notamment au moment du covid. Le problème?: le réseau. Faut pas faire le TT en hiver, quand il pleut ou quand il neige. Pourrait empêcher des actifs de sinstaller au village. «?Pour sinstallaer au village, il faut vraiment aimer le village, parce que la personne qui vient de la ville et quil reste ici le pauvre.?» «?le pauvre il va faire deux randonnées et ensuite il va déprimer?» «?moi je ne me verrai pas vivre à lannée à Cozzano. Je suis trop loin de la ville?» à lié à vie sociale. Nest pas dici, son copain oui. Des choses à faire ici, mais un peu loin.  ","Cuts. But we have nothing to complain about. It's still slow, VDSL. At the post office, things don't work well. Not at the media library either. Same as SPAR, proxy. Being able to watch movies, Netflix. Everyone uses the internet, for social networks. There are people who telework, especially during covid. The problem?: the network. You should not do the TT in winter, when it rains or snows. Could prevent workers from settling in the village. “To settle in the village, you have to really love the village, because the person who comes from the city and stays here is poor.” “Poor guy, he’s going to go on two hikes and then he’s going to get depressed.” “I can't see myself living year-round in Cozzano. Am I too far from town? linked to social life. He's not from here, his friend is. Things to do here, but a bit far.","{'negative': 0.7223362, 'neutral': 0.23829268, 'positive': 0.03937106}",Income,81.51033782958984
13,Emploi,"Village pourrait attirer de nouvelles populations, mais problème cest lemploi. Si tu  nes pas à lécole, tu fais quoi?? à moins de faire deux jorus de TT. Certains le font, comme herveline, ou Mme Pantalacci cest dur quand même. On naurait été à une demi-heure du village (comme Sainte Marie), on aurait eu plus de monde qui aurait fait laller retour. «?oui mais est-ce quon ne serait pas devenu un village dortoir comme Grossetto???» 282 habitants au village. Aimeraient avoir plus de monde. Beaucoup de gens qui viennent le week-end, ou aux vacances. Un village qui vit?: beaucoup de jeunes qui ont repris le trzvail des parents. Pour travailler ici, il faut créer sa propre activité?? quel type de travail?? agricole, manuel. «?oui mais pour les garçons, et pour les filles???» idem caserne?: compliqué de trouver des gens sils ne sont pas dici. localisation et marché de lemploi sont des facteurs qui peuvent freiner la venue de nouveaux habitants.  ","Village could attract new populations, but the problem is employment. If you're not at school, what are you doing? unless you do two days of TT. Some do it, like Herveline, or Mme Pantalacci it's hard all the same. We would not have been half an hour from the village (like Sainte Marie), we would have had more people coming back. “Yes, but wouldn’t we have become a dormitory village like Grossetto???” 282 inhabitants in the village. Would like to have more people. Many people who come on weekends, or on vacation. A village that lives: many young people who have taken over their parents' work. To work here, you have to create your own activity?? What kind of work?? agricultural, manual. “Yes but for boys, and for girls???” Same as barracks?: difficult to find people if they are not from here. location and job market are factors that can slow down the arrival of new residents.","{'negative': 0.48424315, 'neutral': 0.4402415, 'positive': 0.07551537}",Income,80.75374603271484
14,Logement,"Oui le logement est aussi compliqué, mais cest compliqué partout. Rural ou ville. Limite, ce serait plus simple de se loger au village. Ils trouveront quelque chose, soit un terrain à achter, soit une maison à louer, à acheter. Il y en a des personnes qui viennent sinstaller, des continentaux. Mais pour y vivre, pas pour résidence secondaire. «?on est sociable quand même?» sintègrent assez facilement. Plein dactivités qui font que cest assez facile de sintégrer. Tant que cest des gens qui travaillent, qui sont respectueux. Aller au bar, boire du pastis, chanter le mieux pour sintégrer cest daller au bar. Foire (trois jours de fête), un loto, sorties vélo  ","Yes, housing is also complicated, but it’s complicated everywhere. Rural or city. Limit, it would be simpler to find accommodation in the village. They will find something, either land to buy, or a house to rent, to buy. There are people who come to settle, continental people. But to live there, not as a second home. “We’re still sociable?” integrate quite easily. Lots of activities that make it quite easy to integrate. As long as they are people who work, who are respectful. Go to the bar, drink pastis, sing… the best way to fit in is to go to the bar. Fair (three days of celebration), lottery, bike rides","{'negative': 0.03143378, 'neutral': 0.28679433, 'positive': 0.6817719}",Accomodation,82.54472351074219
15,Sécurité,"Moi-même si jaime la ville, je ne me verrai pas de rester en ville tous les week-end et les vacances. Mode de vie meilleur au village. Rien que pour la sécurité, plus de facilité à bouger et sortir. Pas dembouteillage, pas de feu rouge. Il y a moins de monde, les enfants peuvent sortir tranquilles. La fête. Moi je ne me suis jamais amusée au village. Plus petit, convivial. Moi ça dépend de mon humeur.  ","Myself, if I love the city, I wouldn't see myself staying in the city every weekend and vacation. Better lifestyle in the village. Just for safety, easier to move and go out. No traffic jams, no red lights. There are fewer people, the children can go out in peace. Celebration. I never had fun in the village. Smaller, user-friendly. For me it depends on my mood.","{'negative': 0.12633124, 'neutral': 0.3279723, 'positive': 0.54569644}",Security,80.64971923828125
16,attractivité,"Village perçu comme dynamique (plutôt quattractif). Même si Jean-Jacques arrête, il va superviser quand même. Ce ne sera jamais pareil. Il aime dire que cest lui qui a fait tout ça. Après, on verra. Lun ne va pas sans lautre?: salle des fêtes sans fêtes, salle de sport sans judo, médiathèque sans lecteur Pas de crainte sur la suite. Il faudra que les jeunes se bougent, ne lachent pas, continuent à faire vivre le truc, à penser des projets.  ","Village perceived as dynamic (rather than attractive). Even if Jean-Jacques stops, he will still supervise. It will never be the same. He likes to say that he did all that. We'll see after. One cannot go without the other?: village hall without parties, sports hall without judo, media library without reader No fear about what comes next. Young people will have to get moving, not give up, continue to keep things alive, to think of projects.","{'negative': 0.16002145, 'neutral': 0.59581256, 'positive': 0.24416594}",Attraction,81.36483764648438
17,Tourisme,"Tousime serait lune des choses à développer, mais parce que cest zéro. On doit être la pire région. Aucune infrastructure. Les touristes ne viennent pas au centre. Ils font le tour de la Corse. Comparé à Porticcio, cest sûr que quels éléments à mettre en valeur?? environnement, espaces naturels, charcuterie doù la création du musée, valorisation du patrimoine.  ","Tousime would be one of the things to develop, but because it is zero. We must be the worst region. No infrastructure. Tourists don't come to the center. They tour Corsica. Compared to Porticcio, it is certain that what elements should be highlighted?? environment, natural spaces, charcuteriehence the creation of the museum, promotion of heritage.","{'negative': 0.6170305, 'neutral': 0.32212675, 'positive': 0.060842734}",Cultural resources,81.05225372314453
